{
    "stat": {
        "ru_self_cgstart": {
            "ru_nivcsw": 9,
            "ru_minflt": 26753,
            "ru_utime_sec": 0.067547999999999997,
            "ru_maxrss_kb": 82232,
            "ru_stime_sec": 0.035951999999999998,
            "ru_majflt": 0,
            "ru_nvcsw": 26
        },
        "ru_self_end": {
            "ru_nivcsw": 12,
            "ru_minflt": 31002,
            "ru_utime_sec": 0.155418,
            "ru_maxrss_kb": 92752,
            "ru_stime_sec": 0.039385999999999997,
            "ru_majflt": 0,
            "ru_nvcsw": 27
        },
        "nQuads": 13254,
        "cpu_cycles_cgstart": 4464969973735598,
        "CodeGen(%)": 51.24511576369045,
        "nMops": 50402,
        "Frontend(%)": 48.75488423630955,
        "ru_childs_cgstart": {
            "ru_nivcsw": 18,
            "ru_minflt": 10244,
            "ru_utime_sec": 0.016052,
            "ru_maxrss_kb": 29616,
            "ru_stime_sec": 0.016435999999999999,
            "ru_majflt": 0,
            "ru_nvcsw": 26
        },
        "totalObjSize": 392698,
        "ru_childs_end": {
            "ru_nivcsw": 20,
            "ru_minflt": 10859,
            "ru_utime_sec": 0.016052,
            "ru_maxrss_kb": 29992,
            "ru_stime_sec": 0.019803999999999999,
            "ru_majflt": 0,
            "ru_nvcsw": 27
        },
        "cpu_cycles_end": 4464970210142234,
        "cpu_cycles_total": 506198997,
        "mopSpeed": 573597.35973597353,
        "mop/quad": 3.80277652029576,
        "quadSpeed": 150836.46295664046,
        "outputSizePerQuad": 29.628640410442131,
        "peak_mem_kb": 289532,
        "realTime": 0.21518397331237793
    },
    "cycles_program_begin": 4464969703943237,
    "cpu_cycles_pass2_start": 4464969973687124,
    "LVLData": [
        "SIM"
    ],
    "PrevCompiledModules": {
        "std": {
            "reYIK_d": {
                "out": "reYIK_d.o",
                "bytes": 43078,
                "mod": "std",
                "mode": 4,
                "checksum": 0,
                "archive": "archive.22/_prev_archive_1.a"
            }
        },
        "tb": {
            "g7hgQ_d": {
                "out": "g7hgQ_d.o",
                "bytes": 271206,
                "mod": "tb",
                "mode": 4,
                "checksum": 0,
                "archive": "archive.22/_107170_archive_1.a"
            }
        },
        "...MASTER...": {
            "amcQw_d": {
                "out": "objs/amcQw_d.o",
                "bytes": 7896,
                "mod": "...MASTER...",
                "mode": 4,
                "checksum": 0
            }
        }
    },
    "perf": [
        {
            "stat": [
                "main",
                "entry",
                0.012388944625854492,
                0.024118000000000001,
                0.0098659999999999998,
                211400,
                211400,
                0.0,
                0.0,
                1726386748.058048,
                4464969704090007
            ],
            "sub": [
                {
                    "stat": [
                        "doParsingAndDesignResolution",
                        "entry",
                        0.019853830337524414,
                        0.024566000000000001,
                        0.015633000000000001,
                        271504,
                        272304,
                        0.0,
                        0.0,
                        1726386748.0655129,
                        4464969722702337
                    ],
                    "sub": []
                },
                {
                    "stat": [
                        "doParsingAndDesignResolution",
                        "exit",
                        0.029736042022705078,
                        0.030714999999999999,
                        0.019338999999999999,
                        272944,
                        273592,
                        0.0,
                        0.0,
                        1726386748.0753951,
                        4464969747396521
                    ],
                    "sub": []
                },
                {
                    "stat": [
                        "doPostDesignResolutionToVir2Vcs",
                        "entry",
                        0.030786991119384766,
                        0.030714999999999999,
                        0.020389999999999998,
                        272944,
                        273592,
                        0.0,
                        0.0,
                        1726386748.0764461,
                        4464969750004934
                    ],
                    "sub": [
                        {
                            "stat": [
                                "doUptoVir2VcsNoSepCleanup",
                                "entry",
                                0.038489818572998047,
                                0.037109999999999997,
                                0.021675,
                                278160,
                                278164,
                                0.0,
                                0.0,
                                1726386748.0841489,
                                4464969769307854
                            ],
                            "sub": []
                        },
                        {
                            "stat": [
                                "doUptoVir2VcsNoSepCleanup",
                                "exit",
                                0.093977928161621094,
                                0.064154000000000003,
                                0.033708000000000002,
                                289080,
                                289100,
                                0.0079970000000000006,
                                0.0083119999999999999,
                                1726386748.139637,
                                4464969907753759
                            ],
                            "sub": []
                        },
                        {
                            "stat": [
                                "doRadify_vir2vcsAll",
                                "entry",
                                0.094048023223876953,
                                0.064200999999999994,
                                0.033731999999999998,
                                289080,
                                289100,
                                0.0079970000000000006,
                                0.0083119999999999999,
                                1726386748.1397071,
                                4464969907866312
                            ],
                            "sub": []
                        },
                        {
                            "stat": [
                                "doRadify_vir2vcsAll",
                                "exit",
                                0.097792863845825195,
                                0.066685999999999995,
                                0.034983,
                                289080,
                                289100,
                                0.0079970000000000006,
                                0.0083119999999999999,
                                1726386748.1434519,
                                4464969917262778
                            ],