{
    "stat": {
        "ru_self_cgstart": {
            "ru_majflt": 0,
            "ru_utime_sec": 0.079306000000000001,
            "ru_nivcsw": 10,
            "ru_stime_sec": 0.028638,
            "ru_maxrss_kb": 82220,
            "ru_minflt": 26538,
            "ru_nvcsw": 28
        },
        "Frontend(%)": 52.010287549823659,
        "ru_self_end": {
            "ru_majflt": 0,
            "ru_utime_sec": 0.16924400000000001,
            "ru_nivcsw": 12,
            "ru_stime_sec": 0.031063,
            "ru_maxrss_kb": 92152,
            "ru_minflt": 30734,
            "ru_nvcsw": 29
        },
        "mop/quad": 4.5555197594501715,
        "ru_childs_cgstart": {
            "ru_majflt": 0,
            "ru_utime_sec": 0.018166999999999999,
            "ru_nivcsw": 22,
            "ru_stime_sec": 0.012793000000000001,
            "ru_maxrss_kb": 29584,
            "ru_minflt": 10242,
            "ru_nvcsw": 24
        },
        "nMops": 42421,
        "ru_childs_end": {
            "ru_majflt": 0,
            "ru_utime_sec": 0.018166999999999999,
            "ru_nivcsw": 24,
            "ru_stime_sec": 0.014558,
            "ru_maxrss_kb": 29960,
            "ru_minflt": 10857,
            "ru_nvcsw": 25
        },
        "cpu_cycles_cgstart": 2163946810298389,
        "CodeGen(%)": 47.989712450176341,
        "nQuads": 9312,
        "totalObjSize": 380188,
        "cpu_cycles_end": 2163947045392990,
        "cpu_cycles_total": 488634678,
        "mopSpeed": 471669.37223420583,
        "outputSizePerQuad": 40.827749140893474,
        "quadSpeed": 103537.99283951167,
        "peak_mem_kb": 288908,
        "realTime": 0.20764589309692383
    },
    "perf": [
        {
            "stat": [
                "main",
                "entry",
                0.011888980865478516,
                0.029818000000000001,
                0.011468000000000001,
                211388,
                211388,
                0.0,
                0.0,
                1725464837.026973,
                2163946556920085
            ],
            "sub": [
                {
                    "stat": [
                        "doParsingAndDesignResolution",
                        "entry",
                        0.021686077117919922,
                        0.035097999999999997,
                        0.013860000000000001,
                        271488,
                        272288,
                        0.0,
                        0.0,
                        1725464837.0367701,
                        2163946581368782
                    ],
                    "sub": []
                },
                {
                    "stat": [
                        "doParsingAndDesignResolution",
                        "exit",
                        0.027894020080566406,
                        0.040224999999999997,
                        0.01494,
                        272552,
                        273200,
                        0.0,
                        0.0,
                        1725464837.042978,
                        2163946596851200
                    ],
                    "sub": []
                },
                {
                    "stat": [
                        "doPostDesignResolutionToVir2Vcs",
                        "entry",
                        0.028517961502075195,
                        0.040224999999999997,
                        0.015564,
                        272552,
                        273200,
                        0.0,
                        0.0,
                        1725464837.043602,
                        2163946598397441
                    ],
                    "sub": [
                        {
                            "stat": [
                                "doUptoVir2VcsNoSepCleanup",
                                "entry",
                                0.033653020858764648,
                                0.043972999999999998,
                                0.016912,
                                277828,
                                277832,
                                0.0,
                                0.0,
                                1725464837.048737,
                                2163946611212117
                            ],
                            "sub": []
                        },
                        {
                            "stat": [
                                "doUptoVir2VcsNoSepCleanup",
                                "exit",
                                0.083868026733398438,
                                0.074325000000000002,
                                0.024774999999999998,
                                288456,
                                288476,
                                0.0057080000000000004,
                                0.0062859999999999999,
                                1725464837.0989521,
                                2163946736599165
                            ],
                            "sub": []
                        },
                        {
                            "stat": [
                                "doRadify_vir2vcsAll",
                                "entry",
                                0.083941936492919922,
                                0.074382000000000004,
                                0.024794,
                                288456,
                                288476,
                                0.0057080000000000004,
                                0.0062859999999999999,
                                1725464837.099026,
                                2163946736710896
                            ],
                            "sub": []
                        },
                        {
                            "stat": [
                                "doRadify_vir2vcsAll",
                                "exit",
                                0.09071803092956543,
                                0.079183000000000003,
                                0.026766000000000002,
                                288456,
                                288476,
                                0.0057080000000000004,
                                0.0062859999999999999,
                                1725464837.1058021,
                                2163946753716194
                            ],
                            "sub": []
                        }
                    ]
                },
                {
                    "stat": [
                        "doPostDesignResolutionToVir2Vcs",
                        "exit",
                        0.090776920318603516,
                        0.079228000000000007,
                        0.026780999999999999,
                        288456,
                        288476,
                        0.0057080000000000004,
                        0.0062859999999999999,
                        1725464837.1058609,
                        2163946753766823
                    ],
                    "sub": []
                },
                {
                    "stat": [
                        "doGAToPass2",
                        "entry",
                        0.090795993804931641,
                        0.079242999999999994,
                        0.026786000000000001,
                        288456,
                        288476,
                        0.0057080000000000004,
                        0.0062859999999999999,
                        1725464837.10588,
                        2163946753811921
                    ],