{
    "cycles_program_begin": 4479186086229098,
    "stat": {
        "totalObjSize": 270472,
        "cpu_cycles_end": 4479186498659428,
        "cpu_cycles_cgstart": 4479186330552644,
        "ru_self_cgstart": {
            "ru_utime_sec": 0.062214999999999999,
            "ru_stime_sec": 0.030519999999999999,
            "ru_maxrss_kb": 77968,
            "ru_minflt": 26132,
            "ru_majflt": 0,
            "ru_nivcsw": 8,
            "ru_nvcsw": 28
        },
        "ru_childs_cgstart": {
            "ru_utime_sec": 0.013115999999999999,
            "ru_stime_sec": 0.031462999999999998,
            "ru_maxrss_kb": 25548,
            "ru_minflt": 10242,
            "ru_majflt": 0,
            "ru_nivcsw": 22,
            "ru_nvcsw": 24
        },
        "nMops": 25858,
        "nQuads": 7134,
        "ru_self_end": {
            "ru_utime_sec": 0.119768,
            "ru_stime_sec": 0.037689,
            "ru_maxrss_kb": 86904,
            "ru_minflt": 29674,
            "ru_majflt": 0,
            "ru_nivcsw": 10,
            "ru_nvcsw": 29
        },
        "quadSpeed": 123955.31075704133,
        "cpu_cycles_total": 412430330,
        "ru_childs_end": {
            "ru_utime_sec": 0.013115999999999999,
            "ru_stime_sec": 0.034112999999999997,
            "ru_maxrss_kb": 25928,
            "ru_minflt": 10857,
            "ru_majflt": 0,
            "ru_nivcsw": 24,
            "ru_nvcsw": 25
        },
        "mopSpeed": 449290.21944989829,
        "outputSizePerQuad": 37.913092234370616,
        "CodeGen(%)": 43.310707082869278,
        "mop/quad": 3.6246145220072892,
        "Frontend(%)": 56.689292917130722,
        "realTime": 0.17967915534973145,
        "peak_mem_kb": 288152
    },
    "NameTable": {
        "std": [
            "std",
            "reYIK",
            "module",
            1
        ],
        "...MASTER...": [
            "SIM",
            "amcQw",
            "module",
            3
        ],
        "tb": [
            "tb",
            "g7hgQ",
            "module",
            2
        ]
    },
    "perf": [
        {
            "stat": [
                "main",
                "entry",
                0.0144500732421875,
                0.030033000000000001,
                0.0091400000000000006,
                211400,
                211400,
                0.0,
                0.0,
                1726392453.640177,
                4479186086393268
            ],
            "sub": [
                {
                    "stat": [
                        "doParsingAndDesignResolution",
                        "entry",
                        0.023101091384887695,
                        0.030835999999999999,
                        0.014801,
                        271504,
                        272304,
                        0.0,
                        0.0,
                        1726392453.648828,
                        4479186107957242
                    ],
                    "sub": []
                },
                {
                    "stat": [
                        "doParsingAndDesignResolution",
                        "exit",
                        0.030229091644287109,
                        0.036804999999999997,
                        0.015960999999999999,
                        272560,
                        273208,
                        0.0,
                        0.0,
                        1726392453.655956,
                        4479186125776060
                    ],
                    "sub": []
                },
                {
                    "stat": [
                        "doPostDesignResolutionToVir2Vcs",
                        "entry",
                        0.031070947647094727,
                        0.037647,
                        0.015960999999999999,
                        272732,
                        273208,
                        0.0,
                        0.0,
                        1726392453.6567979,
                        4479186127851582
                    ],
                    "sub": [
                        {
                            "stat": [
                                "doUptoVir2VcsNoSepCleanup",
                                "entry",
                                0.035932064056396484,
                                0.042498000000000001,
                                0.015960999999999999,
                                273872,
                                273876,
                                0.0,
                                0.0,
                                1726392453.661659,
                                4479186139990701
                            ],
                            "sub": []
                        },
                        {
                            "stat": [
                                "doUptoVir2VcsNoSepCleanup",
                                "exit",
                                0.085864067077636719,
                                0.060201999999999999,
                                0.027150000000000001,
                                275796,
                                288152,
                                0.0025509999999999999,
                                0.018567,
                                1726392453.711591,
                                4479186264629655
                            ],
                            "sub": []
                        },
                        {
                            "stat": [
                                "doRadify_vir2vcsAll",
                                "entry",
                                0.08591914176940918,
                                0.060241000000000003,
                                0.027167,
                                275796,
                                288152,
                                0.0025509999999999999,
                                0.018567,
                                1726392453.7116461,
                                4479186264720020
                            ],
                            "sub": []
                        },
                        {
                            "stat": [
                                "doRadify_vir2vcsAll",
                                "exit",
                                0.088722944259643555,
                                0.061693999999999999,
                                0.028473999999999999,
                                276892,
                                288152,
                                0.0025509999999999999,
                                0.018567,
                                1726392453.7144499,
                                4479186271748835
                            ],
                            "sub": []
                        }
                    ]
                },
                {
                    "stat": [
                        "doPostDesignResolutionToVir2Vcs",
                        "exit",
                        0.088754177093505859,
                        0.061717000000000001,
                        0.028483999999999999,
                        276892,
                        288152,
                        0.0025509999999999999,
                        0.018567,
                        1726392453.7144811,
                        4479186271795233
                    ],
                    "sub": []
                },
                {
                    "stat": [
                        "doGAToPass2",
                        "entry",
                        0.088772058486938477,
                        0.061728999999999999,
                        0.028490000000000001,
                        276892,
                        288152,
                        0.0025509999999999999,
                        0.018567,
                        1726392453.714499,
                        4479186271835671
                    ],