{
    "stat": {
        "mopSpeed": 348426.2838210935,
        "ru_self_cgstart": {
            "ru_nivcsw": 4,
            "ru_utime_sec": 0.043678000000000002,
            "ru_majflt": 0,
            "ru_stime_sec": 0.021278999999999999,
            "ru_minflt": 24851,
            "ru_maxrss_kb": 75200,
            "ru_nvcsw": 28
        },
        "cpu_cycles_end": 657012173873512,
        "nQuads": 1826,
        "cpu_cycles_cgstart": 657012111277817,
        "outputSizePerQuad": 88.550930996714129,
        "ru_childs_cgstart": {
            "ru_nivcsw": 21,
            "ru_utime_sec": 0.016760000000000001,
            "ru_majflt": 0,
            "ru_stime_sec": 0.011471,
            "ru_minflt": 10242,
            "ru_maxrss_kb": 24416,
            "ru_nvcsw": 25
        },
        "ru_self_end": {
            "ru_nivcsw": 6,
            "ru_utime_sec": 0.065409999999999996,
            "ru_majflt": 0,
            "ru_stime_sec": 0.022893,
            "ru_minflt": 27681,
            "ru_maxrss_kb": 81896,
            "ru_nvcsw": 29
        },
        "nMops": 7572,
        "cpu_cycles_total": 221720431,
        "totalObjSize": 161694,
        "peak_mem_kb": 287160,
        "Frontend(%)": 73.552391383716696,
        "ru_childs_end": {
            "ru_nivcsw": 23,
            "ru_utime_sec": 0.016760000000000001,
            "ru_majflt": 0,
            "ru_stime_sec": 0.013184,
            "ru_minflt": 10857,
            "ru_maxrss_kb": 24792,
            "ru_nvcsw": 26
        },
        "quadSpeed": 84023.559727590691,
        "mop/quad": 4.1467688937568452,
        "CodeGen(%)": 26.447608616283301,
        "realTime": 0.1012871265411377
    },
    "incremental": "on",
    "cycles_program_begin": 657011952153081,
    "perf": [
        {
            "stat": [
                "main",
                "entry",
                0.012464046478271484,
                0.026485999999999999,
                0.006019,
                211384,
                211384,
                0.0,
                0.0,
                1724861072.4386849,
                657011952303115
            ],
            "sub": [
                {
                    "stat": [
                        "doParsingAndDesignResolution",
                        "entry",
                        0.022054195404052734,
                        0.027494000000000001,
                        0.011953,
                        271488,
                        272288,
                        0.0,
                        0.0,
                        1724861072.4482751,
                        657011976248161
                    ],
                    "sub": []
                },
                {
                    "stat": [
                        "doParsingAndDesignResolution",
                        "exit",
                        0.025895118713378906,
                        0.031295999999999997,
                        0.011991999999999999,
                        272340,
                        272988,
                        0.0,
                        0.0,
                        1724861072.452116,
                        657011985815594
                    ],
                    "sub": []
                },
                {
                    "stat": [
                        "doPostDesignResolutionToVir2Vcs",
                        "entry",
                        0.026499032974243164,
                        0.031295999999999997,
                        0.012596,
                        272512,
                        272988,
                        0.0,
                        0.0,
                        1724861072.4527199,
                        657011987311065
                    ],
                    "sub": [
                        {
                            "stat": [
                                "doUptoVir2VcsNoSepCleanup",
                                "entry",
                                0.028469085693359375,
                                0.032929,
                                0.012933999999999999,
                                273512,
                                273516,
                                0.0,
                                0.0,
                                1724861072.45469,
                                657011992228453
                            ],
                            "sub": []
                        },
                        {
                            "stat": [
                                "doUptoVir2VcsNoSepCleanup",
                                "exit",
                                0.055457115173339844,
                                0.041166000000000001,
                                0.019439000000000001,
                                274804,
                                287160,
                                0.0070679999999999996,
                                0.0051659999999999996,
                                1724861072.481678,
                                657012059635936
                            ],
                            "sub": []
                        },
                        {
                            "stat": [
                                "doRadify_vir2vcsAll",
                                "entry",
                                0.055536031723022461,
                                0.041221000000000001,
                                0.019465,
                                274804,
                                287160,
                                0.0070679999999999996,
                                0.0051659999999999996,
                                1724861072.4817569,
                                657012059765895
                            ],
                            "sub": []
                        },
                        {
                            "stat": [
                                "doRadify_vir2vcsAll",
                                "exit",
                                0.058304071426391602,
                                0.043034000000000003,
                                0.020383999999999999,
                                275892,
                                287160,
                                0.0070679999999999996,
                                0.0051659999999999996,
                                1724861072.484525,
                                657012066712310
                            ],
                            "sub": []
                        }
                    ]
                },
                {
                    "stat": [
                        "doPostDesignResolutionToVir2Vcs",
                        "exit",
                        0.058338165283203125,
                        0.043057999999999999,
                        0.020395,
                        275892,
                        287160,
                        0.0070679999999999996,
                        0.0051659999999999996,
                        1724861072.4845591,
                        657012066757362
                    ],
                    "sub": []
                },
                {
                    "stat": [
                        "doGAToPass2",
                        "entry",
                        0.058355093002319336,
                        0.043069000000000003,
                        0.020400999999999999,
                        275892,
                        287160,
                        0.0070679999999999996,
                        0.0051659999999999996,
                        1724861072.484576,
                        657012066797861
                    ],