{
    "Modules": {
        "...MASTER...": {
            "start_perf": [
                0.1051638126373291,
                0.055320000000000001,
                0.026360999999999999,
                275336,
                288152,
                1726392605.4750509,
                4479565066013947
            ],
            "child_modules": {
                "std": 1,
                "tb": 1
            },
            "nRouts": 5,
            "nMops": 0,
            "end_perf": [
                0.10943794250488281,
                0.056176999999999998,
                0.027515000000000001,
                276816,
                288152,
                4479565076705680,
                0,
                0
            ],
            "nQuads": 0
        },
        "std": {
            "Compiled Times": 20,
            "start_perf": [
                0.10950088500976562,
                0.056218999999999998,
                0.027536000000000001,
                276816,
                288152,
                1726392605.479388,
                4479565076832975
            ],
            "child_modules": {},
            "svclass": [
                "$vcs_nba_dyn_obj",
                0,
                35,
                2,
                2,
                0,
                "sigprop$$",
                0,
                35,
                2,
                2,
                0,
                "process",
                0,
                200,
                8,
                8,
                0,
                "event",
                0,
                34,
                2,
                2,
                0,
                "mailbox",
                0,
                140,
                9,
                9,
                0,
                "semaphore",
                0,
                84,
                5,
                5,
                0
            ],
            "Compiled": "Yes",
            "nMops": 528,
            "nRouts": 33,
            "end_perf": [
                0.11148381233215332,
                0.058201999999999997,
                0.027536000000000001,
                276832,
                288152,
                4479565081805750,
                8589934594,
                0
            ],
            "nQuads": 218
        },
        "tb": {
            "Compiled Times": 20,
            "start_perf": [
                0.11151695251464844,
                0.058235000000000002,
                0.027536000000000001,
                276832,
                288152,
                1726392605.4814041,
                4479565081864512
            ],
            "significant_routs": [
                [
                    16,
                    "X_VCSgd_g7hgQ_0_0",
                    1451881,
                    778,
                    139
                ],
                [
                    36,
                    "R_VCSgd_g7hgQ_24",
                    1998447,
                    2802,
                    255
                ],
                [
                    44,
                    "R_VCSgd_g7hgQ_2c",
                    2264742,
                    1613,
                    183
                ],
                [
                    52,
                    "R_VCSgd_g7hgQ_34",
                    1283811,
                    1828,
                    165
                ],
                [
                    96,
                    "R_VCSgd_g7hgQ_60",
                    1660800,
                    2076,
                    270
                ],
                [
                    108,
                    "R_VCSgd_g7hgQ_6c",
                    2259246,
                    3023,
                    440
                ],
                [
                    142,
                    "R_VCSgd_g7hgQ_8e",
                    1240974,
                    1826,
                    256
                ],
                [
                    153,
                    "R_VCSgd_g7hgQ_99",
                    1851347,
                    2657,
                    453
                ],
                [
                    174,
                    "R_VCSgd_g7hgQ_ae",
                    1460692,
                    1897,
                    276
                ],
                [
                    210,
                    "R_VCSgd_g7hgQ_d2",
                    3747944,
                    5632,
                    920
                ],
                [
                    237,
                    "R_VCSgd_g7hgQ_ed",
                    1657791,
                    2127,
                    267
                ],
                [
                    276,
                    "R_VCSgd_g7hgQ_114",
                    4486596,
                    6668,
                    1268
                ]
            ],
            "child_modules": {},
            "Compiled": "Yes",
            "nMops": 25330,
            "nRouts": 282,
            "end_perf": [
                0.16158294677734375,
                0.10828599999999999,
                0.027536000000000001,
                282400,
                288152,
                4479565206880682,
                94489280513,
                0
            ],
            "nQuads": 6916
        }
    },
    "CompUnits": {
        "g7hgQ_d": {
            "archive": "archive.19/_15736_archive_1.a",
            "mod": "tb",
            "text": 91666,
            "bytes": 150256,
            "out": "g7hgQ_d.o",
            "mode": 4,
            "checksum": 0
        }
    },
    "reusePaths": {
        "amcQw_d": {
            "icPath": "csrc"
        },
        "reYIK_d": {
            "icPath": "csrc"
        }
    },
    "ObjArchives": [
        {
            "archive": "archive.19/_15736_archive_1.a",
            "objects": [
                [
                    "g7hgQ_d.o",
                    150256
                ],
                [
                    "amcQwB.o",
                    120196
                ]
            ],
            "size": 270452
        }
    ],
    "stat": {
        "ru_self_end": {
            "ru_nivcsw": 8,
            "ru_utime_sec": 0.109237,
            "ru_majflt": 0,
            "ru_stime_sec": 0.030894999999999999,
            "ru_maxrss_kb": 86900,
            "ru_nvcsw": 29,
            "ru_minflt": 29774
        },
        "ru_childs_end": {
            "ru_nivcsw": 24,
            "ru_utime_sec": 0.013131,
            "ru_majflt": 0,
            "ru_stime_sec": 0.022086999999999999,
            "ru_maxrss_kb": 25916,
            "ru_nvcsw": 25,
            "ru_minflt": 10859
        },
        "cpu_cycles_end": 4479565217577975,
        "peak_mem_kb": 288152
    }
}