{
    "stat": {
        "ru_self_end": {
            "ru_minflt": 30841,
            "ru_maxrss_kb": 92528,
            "ru_utime_sec": 0.147703,
            "ru_stime_sec": 0.022544999999999999,
            "ru_majflt": 0,
            "ru_nvcsw": 28,
            "ru_nivcsw": 12
        },
        "ru_childs_end": {
            "ru_minflt": 10859,
            "ru_maxrss_kb": 29864,
            "ru_utime_sec": 0.013216,
            "ru_stime_sec": 0.016062,
            "ru_majflt": 0,
            "ru_nvcsw": 27,
            "ru_nivcsw": 24
        },
        "cpu_cycles_end": 734942864179,
        "peak_mem_kb": 289452
    },
    "Modules": {
        "...MASTER...": {
            "end_perf": [
                0.10693097114562988,
                0.074277999999999997,
                0.019661000000000001,
                287456,
                289020,
                734752375341,
                0,
                0
            ],
            "start_perf": [
                0.10312294960021973,
                0.073106000000000004,
                0.019351,
                287444,
                289020,
                1726396684.3697159,
                734742802436
            ],
            "child_modules": {
                "std": 1,
                "tb": 1
            },
            "nQuads": 0,
            "nMops": 0,
            "nRouts": 5
        },
        "std": {
            "start_perf": [
                0.10698199272155762,
                0.074318999999999996,
                0.019671999999999999,
                287456,
                289020,
                1726396684.373575,
                734752482591
            ],
            "svclass": [
                "$vcs_nba_dyn_obj",
                0,
                35,
                2,
                2,
                0,
                "sigprop$$",
                0,
                35,
                2,
                2,
                0,
                "process",
                0,
                200,
                8,
                8,
                0,
                "event",
                0,
                34,
                2,
                2,
                0,
                "mailbox",
                0,
                140,
                9,
                9,
                0,
                "semaphore",
                0,
                84,
                5,
                5,
                0
            ],
            "Compiled": "Yes",
            "end_perf": [
                0.1089940071105957,
                0.076341999999999993,
                0.019671999999999999,
                287472,
                289020,
                734757554944,
                8589934594,
                0
            ],
            "Compiled Times": 40,
            "child_modules": {},
            "nQuads": 218,
            "nMops": 528,
            "nRouts": 33
        },
        "tb": {
            "Compiled": "Yes",
            "end_perf": [
                0.17942094802856445,
                0.14557999999999999,
                0.021252,
                289428,
                289432,
                734934386916,
                137438953473,
                0
            ],
            "start_perf": [
                0.10902595520019531,
                0.076374999999999998,
                0.019671999999999999,
                287472,
                289020,
                1726396684.3756189,
                734757613927
            ],
            "Compiled Times": 39,
            "child_modules": {},
            "significant_routs": [
                [
                    127,
                    "X_VCSgd_g7hgQ_0_0",
                    1458744,
                    778,
                    139
                ],
                [
                    143,
                    "R_VCSgd_g7hgQ_8f",
                    1956822,
                    2407,
                    215
                ],
                [
                    163,
                    "R_VCSgd_g7hgQ_a3",
                    1196248,
                    1178,
                    145
                ],
                [
                    175,
                    "R_VCSgd_g7hgQ_af",
                    1490914,
                    1599,
                    179
                ],
                [
                    184,
                    "R_VCSgd_g7hgQ_b8",
                    1226086,
                    1828,
                    165
                ],
                [
                    192,
                    "R_VCSgd_g7hgQ_c0",
                    1441553,
                    1546,
                    170
                ],
                [
                    340,
                    "R_VCSgd_g7hgQ_154",
                    1568131,
                    2053,
                    267
                ],
                [
                    389,
                    "R_VCSgd_g7hgQ_185",
                    2087420,
                    2788,
                    511
                ],
                [
                    408,
                    "R_VCSgd_g7hgQ_198",
                    1358766,
                    1897,
                    276
                ],
                [
                    411,
                    "R_VCSgd_g7hgQ_19b",
                    2175386,
                    3023,
                    440
                ],
                [
                    473,
                    "R_VCSgd_g7hgQ_1d9",
                    3890374,
                    5780,
                    924
                ],
                [
                    504,
                    "R_VCSgd_g7hgQ_1f8",
                    1164712,
                    1373,
                    193
                ],
                [
                    513,
                    "R_VCSgd_g7hgQ_201",
                    1370629,
                    758,
                    197
                ],
                [
                    519,
                    "R_VCSgd_g7hgQ_207",
                    1238420,
                    1826,
                    256
                ],
                [
                    535,
                    "R_VCSgd_g7hgQ_217",
                    1172975,
                    1660,
                    210
                ],
                [
                    541,
                    "R_VCSgd_g7hgQ_21d",
                    2561000,
                    3901,
                    325
                ],
                [
                    625,
                    "R_VCSgd_g7hgQ_271",
                    2335213,
                    3655,
                    622
                ]
            ],
            "nQuads": 11964,
            "nMops": 37706,
            "nRouts": 631
        }
    },
    "ObjArchives": [
        {
            "archive": "archive.39/_14452_archive_1.a",
            "objects": [
                [
                    "g7hgQ_d.o",
                    235176
                ],
                [
                    "amcQwB.o",
                    120722
                ]
            ],
            "size": 355898
        }
    ],
    "CompUnits": {
        "g7hgQ_d": {
            "mod": "tb",
            "text": 145106,
            "out": "g7hgQ_d.o",
            "bytes": 235176,
            "mode": 4,
            "archive": "archive.39/_14452_archive_1.a",
            "checksum": 0
        }
    },
    "reusePaths": {
        "amcQw_d": {
            "icPath": "csrc"
        },
        "reYIK_d": {
            "icPath": "csrc"
        }
    }
}