{
    "Modules": {
        "...MASTER...": {
            "start_perf": [
                0.12316012382507324,
                0.073441000000000006,
                0.021257000000000002,
                274300,
                288044,
                1727531762.5993121,
                2437482305582851
            ],
            "child_modules": {
                "tb_arbiter": 1,
                "std": 1
            },
            "end_perf": [
                0.12657809257507324,
                0.076858999999999997,
                0.021257000000000002,
                276696,
                288044,
                2437482314150868,
                0,
                0
            ],
            "nMops": 0,
            "nQuads": 0,
            "nRouts": 5
        },
        "std": {
            "start_perf": [
                0.12665510177612305,
                0.076936000000000004,
                0.021257000000000002,
                276696,
                288044,
                1727531762.602807,
                2437482314293755
            ],
            "child_modules": {},
            "Compiled": "Yes",
            "end_perf": [
                0.1341400146484375,
                0.084405999999999995,
                0.021257000000000002,
                280828,
                288044,
                2437482333032279,
                8589934594,
                0
            ],
            "Compiled Times": 1,
            "nRouts": 33,
            "significant_routs": [
                [
                    24,
                    "F_VCSgd_reYIK_24_0",
                    2009373,
                    984,
                    90
                ]
            ],
            "svclass": [
                "$vcs_nba_dyn_obj",
                576,
                35,
                2,
                2,
                0,
                "sigprop$$",
                576,
                35,
                2,
                2,
                0,
                "process",
                2380,
                200,
                8,
                8,
                0,
                "event",
                597,
                34,
                2,
                2,
                0,
                "mailbox",
                1769,
                140,
                9,
                9,
                0,
                "semaphore",
                1119,
                84,
                5,
                5,
                0
            ],
            "nMops": 528,
            "nQuads": 218
        },
        "tb_arbiter": {
            "start_perf": [
                0.13419413566589355,
                0.084460999999999994,
                0.021257000000000002,
                280828,
                288044,
                1727531762.6103461,
                2437482333107632
            ],
            "child_modules": {},
            "Compiled": "Yes",
            "end_perf": [
                0.17464303970336914,
                0.124387,
                0.021767000000000002,
                284632,
                288044,
                2437482434155064,
                17179869185,
                0
            ],
            "Compiled Times": 1,
            "nRouts": 79,
            "significant_routs": [
                [
                    14,
                    "R_VCSgd_EGN3p_e",
                    7646035,
                    9420,
                    1140
                ],
                [
                    19,
                    "R_VCSgd_EGN3p_13",
                    1671212,
                    2629,
                    464
                ],
                [
                    20,
                    "R_VCSgd_EGN3p_14",
                    1513104,
                    2629,
                    464
                ],
                [
                    27,
                    "R_VCSgd_EGN3p_1b",
                    3932208,
                    5168,
                    611
                ],
                [
                    33,
                    "R_VCSgd_EGN3p_21",
                    7114358,
                    4001,
                    507
                ],
                [
                    42,
                    "R_VCSgd_EGN3p_2a",
                    7639352,
                    8545,
                    998
                ],
                [
                    44,
                    "R_VCSgd_EGN3p_2c",
                    3508228,
                    4503,
                    488
                ],
                [
                    46,
                    "R_VCSgd_EGN3p_2e",
                    4889683,
                    5198,
                    664
                ],
                [
                    52,
                    "R_VCSgd_EGN3p_34",
                    7541837,
                    9574,
                    1122
                ],
                [
                    56,
                    "R_VCSgd_EGN3p_38",
                    4210658,
                    5195,
                    669
                ]
            ],
            "nQuads": 2284,
            "nMops": 8213
        }
    },
    "reusePaths": {},
    "CompUnits": {
        "amcQw_d": {
            "checksum": 0,
            "mode": 4,
            "text": 434,
            "mod": "...MASTER...",
            "out": "objs/amcQw_d.o",
            "bytes": 7904
        },
        "reYIK_d": {
            "checksum": 0,
            "mode": 4,
            "text": 7325,
            "mod": "std",
            "out": "reYIK_d.o",
            "bytes": 43078,
            "cls": 7017,
            "archive": "archive.0/_83083_archive_1.a"
        },
        "EGN3p_d": {
            "checksum": 0,
            "mode": 4,
            "text": 65114,
            "mod": "tb_arbiter",
            "out": "EGN3p_d.o",
            "bytes": 95208,
            "archive": "archive.0/_83083_archive_1.a"
        }
    },
    "ObjArchives": [
        {
            "archive": "archive.0/_83083_archive_1.a",
            "objects": [
                [
                    "reYIK_d.o",
                    43078
                ],
                [
                    "EGN3p_d.o",
                    95208
                ],
                [
                    "amcQwB.o",
                    120988
                ]
            ],
            "size": 259274
        }
    ],
    "stat": {
        "ru_self_end": {
            "ru_utime_sec": 0.12617,
            "ru_nivcsw": 8,
            "ru_stime_sec": 0.022814999999999998,
            "ru_maxrss_kb": 80620,
            "ru_nvcsw": 28,
            "ru_minflt": 31587,
            "ru_majflt": 0
        },
        "ru_childs_end": {
            "ru_utime_sec": 0.031659,
            "ru_nivcsw": 21,
            "ru_stime_sec": 0.019317000000000001,
            "ru_maxrss_kb": 18984,
            "ru_nvcsw": 26,
            "ru_minflt": 10874,
            "ru_majflt": 0
        },
        "cpu_cycles_end": 2437482441106523,
        "peak_mem_kb": 288044
    }
}