{
    "Modules": {
        "...MASTER...": {
            "start_perf": [
                0.13718199729919434,
                0.071920999999999999,
                0.060093000000000001,
                287524,
                289100,
                1726388674.471211,
                4469765122371752
            ],
            "child_modules": {
                "std": 1,
                "tb": 1
            },
            "end_perf": [
                0.14174795150756836,
                0.071920999999999999,
                0.062535999999999994,
                287536,
                289100,
                4469765133789778,
                0,
                0
            ],
            "nQuads": 0,
            "nMops": 0,
            "nRouts": 5
        },
        "std": {
            "start_perf": [
                0.14180994033813477,
                0.071920999999999999,
                0.062598000000000001,
                287536,
                289100,
                1726388674.4758389,
                4469765133921006
            ],
            "svclass": [
                "$vcs_nba_dyn_obj",
                0,
                35,
                2,
                2,
                0,
                "sigprop$$",
                0,
                35,
                2,
                2,
                0,
                "process",
                0,
                200,
                8,
                8,
                0,
                "event",
                0,
                34,
                2,
                2,
                0,
                "mailbox",
                0,
                140,
                9,
                9,
                0,
                "semaphore",
                0,
                84,
                5,
                5,
                0
            ],
            "child_modules": {},
            "nQuads": 218,
            "Compiled": "Yes",
            "end_perf": [
                0.14403605461120605,
                0.073458999999999997,
                0.063286999999999996,
                287552,
                289100,
                4469765139501751,
                8589934594,
                0
            ],
            "Compiled Times": 24,
            "nMops": 528,
            "nRouts": 33
        },
        "tb": {
            "start_perf": [
                0.14406895637512207,
                0.073477000000000001,
                0.063302999999999998,
                287552,
                289100,
                1726388674.4780979,
                4469765139559579
            ],
            "significant_routs": [
                [
                    125,
                    "X_VCSgd_g7hgQ_0_0",
                    1591244,
                    778,
                    139
                ],
                [
                    141,
                    "R_VCSgd_g7hgQ_8d",
                    2015640,
                    3084,
                    312
                ],
                [
                    173,
                    "R_VCSgd_g7hgQ_ad",
                    1743955,
                    1641,
                    185
                ],
                [
                    175,
                    "R_VCSgd_g7hgQ_af",
                    11564716,
                    936,
                    117
                ],
                [
                    177,
                    "R_VCSgd_g7hgQ_b1",
                    2151345,
                    2016,
                    279
                ],
                [
                    179,
                    "R_VCSgd_g7hgQ_b3",
                    2156740,
                    2606,
                    370
                ],
                [
                    181,
                    "R_VCSgd_g7hgQ_b5",
                    1612107,
                    2320,
                    256
                ],
                [
                    188,
                    "R_VCSgd_g7hgQ_bc",
                    1753847,
                    2531,
                    286
                ],
                [
                    190,
                    "R_VCSgd_g7hgQ_be",
                    1492800,
                    1963,
                    241
                ],
                [
                    201,
                    "R_VCSgd_g7hgQ_c9",
                    1780686,
                    2233,
                    271
                ],
                [
                    207,
                    "R_VCSgd_g7hgQ_cf",
                    1944877,
                    2092,
                    243
                ],
                [
                    347,
                    "R_VCSgd_g7hgQ_15b",
                    1621767,
                    2113,
                    274
                ],
                [
                    395,
                    "R_VCSgd_g7hgQ_18b",
                    2272149,
                    3305,
                    590
                ],
                [
                    418,
                    "R_VCSgd_g7hgQ_1a2",
                    2652395,
                    3887,
                    576
                ],
                [
                    477,
                    "R_VCSgd_g7hgQ_1dd",
                    4457412,
                    6553,
                    1104
                ],
                [
                    512,
                    "R_VCSgd_g7hgQ_200",
                    1442899,
                    1210,
                    208
                ],
                [
                    527,
                    "R_VCSgd_g7hgQ_20f",
                    1678516,
                    1919,
                    248
                ],
                [
                    543,
                    "R_VCSgd_g7hgQ_21f",
                    1478196,
                    1752,
                    237
                ],
                [
                    551,
                    "R_VCSgd_g7hgQ_227",
                    1765263,
                    4121,
                    355
                ],
                [
                    634,
                    "R_VCSgd_g7hgQ_27a",
                    1765853,
                    2737,
                    463
                ]
            ],
            "child_modules": {},
            "nQuads": 13036,
            "Compiled": "Yes",
            "end_perf": [
                0.23431992530822754,
                0.16358400000000001,
                0.06343,
                289508,
                289512,
                4469765364866428,
                133143986177,
                0
            ],
            "Compiled Times": 24,
            "nMops": 49874,
            "nRouts": 640
        }
    },
    "ObjArchives": [
        {
            "archive": "archive.23/_116203_archive_1.a",
            "objects": [
                [
                    "g7hgQ_d.o",
                    271208
                ],
                [
                    "amcQwB.o",
                    121506
                ]
            ],
            "size": 392714
        }
    ],
    "CompUnits": {
        "g7hgQ_d": {
            "mode": 4,
            "mod": "tb",
            "archive": "archive.23/_116203_archive_1.a",
            "bytes": 271208,
            "out": "g7hgQ_d.o",
            "text": 173358,
            "checksum": 0
        }
    },
    "reusePaths": {
        "amcQw_d": {
            "icPath": "csrc"
        },
        "reYIK_d": {
            "icPath": "csrc"
        }
    },
    "stat": {
        "ru_self_end": {
            "ru_utime_sec": 0.16358400000000001,
            "ru_minflt": 30981,
            "ru_stime_sec": 0.066810999999999995,
            "ru_maxrss_kb": 92796,
            "ru_majflt": 0,
            "ru_nvcsw": 29,
            "ru_nivcsw": 11
        },
        "ru_childs_end": {
            "ru_utime_sec": 0.014037000000000001,
            "ru_minflt": 10859,