{
    "Modules": {
        "...MASTER...": {
            "end_perf": [
                0.1258389949798584,
                0.075492000000000004,
                0.029357999999999999,
                286912,
                288476,
                3879623744575537,
                0,
                0
            ],
            "start_perf": [
                0.11375594139099121,
                0.073524999999999993,
                0.028358999999999999,
                286900,
                288476,
                1726152222.279475,
                3879623714382562
            ],
            "nMops": 0,
            "child_modules": {
                "tb_decode_rename": 1,
                "std": 1
            },
            "nQuads": 0,
            "nRouts": 5
        },
        "std": {
            "start_perf": [
                0.12591385841369629,
                0.075547000000000003,
                0.029378999999999999,
                286912,
                288476,
                1726152222.2916329,
                3879623744722548
            ],
            "end_perf": [
                0.12852096557617188,
                0.078153,
                0.029378999999999999,
                286928,
                288476,
                3879623751323266,
                8589934594,
                0
            ],
            "child_modules": {},
            "nMops": 528,
            "Compiled": "Yes",
            "Compiled Times": 59,
            "nRouts": 33,
            "svclass": [
                "$vcs_nba_dyn_obj",
                0,
                35,
                2,
                2,
                0,
                "sigprop$$",
                0,
                35,
                2,
                2,
                0,
                "process",
                0,
                200,
                8,
                8,
                0,
                "event",
                0,
                34,
                2,
                2,
                0,
                "mailbox",
                0,
                140,
                9,
                9,
                0,
                "semaphore",
                0,
                84,
                5,
                5,
                0
            ],
            "nQuads": 218
        },
        "instr_buffer_0000": {
            "end_perf": [
                0.13124990463256836,
                0.080096000000000001,
                0.030165999999999998,
                286928,
                288476,
                3879623758075387,
                21474836481,
                0
            ],
            "start_perf": [
                0.12859201431274414,
                0.078225000000000003,
                0.029378999999999999,
                286928,
                288476,
                1726152222.294311,
                3879623751408576
            ],
            "nMops": 1029,
            "child_modules": {},
            "Compiled": "Yes",
            "Compiled Times": 5,
            "nQuads": 226,
            "nRouts": 28
        },
        "tb_decode_rename": {
            "end_perf": [
                0.16047191619873047,
                0.109032,
                0.030402999999999999,
                286928,
                288476,
                3879623831078559,
                25769803777,
                0
            ],
            "start_perf": [
                0.13128495216369629,
                0.080121999999999999,
                0.030175,
                286928,
                288476,
                1726152222.297004,
                3879623758126355
            ],
            "nMops": 29050,
            "child_modules": {
                "instr_buffer_0000": 1
            },
            "Compiled": "Yes",
            "Compiled Times": 5,
            "nQuads": 6291,
            "nRouts": 516
        }
    },
    "CompUnits": {},
    "reusePaths": {
        "amcQw_d": {
            "icPath": "csrc"
        },
        "dMIIq_d": {
            "icPath": "csrc"
        },
        "reYIK_d": {
            "icPath": "csrc"
        },
        "ICaZd_d": {
            "icPath": "csrc"
        }
    },
    "ObjArchives": [
        {
            "objects": [
                [
                    "amcQwB.o",
                    122162
                ]
            ],
            "archive": "archive.58/_113033_archive_1.a",
            "size": 122162
        }
    ],
    "stat": {
        "ru_self_end": {
            "ru_utime_sec": 0.110584,
            "ru_maxrss_kb": 89784,
            "ru_stime_sec": 0.032961999999999998,
            "ru_minflt": 29954,
            "ru_nivcsw": 9,
            "ru_majflt": 0,
            "ru_nvcsw": 29
        },
        "peak_mem_kb": 288868,
        "cpu_cycles_end": 3879623841136576,
        "ru_childs_end": {
            "ru_utime_sec": 0.014290000000000001,
            "ru_maxrss_kb": 29960,
            "ru_stime_sec": 0.031493,
            "ru_minflt": 10857,
            "ru_nivcsw": 24,
            "ru_majflt": 0,
            "ru_nvcsw": 26
        }
    }
}