{
    "Modules": {
        "...MASTER...": {
            "nQuads": 0,
            "start_perf": [
                0.076214075088500977,
                0.043695999999999999,
                0.021287,
                274336,
                287160,
                1724861072.502435,
                657012111381209
            ],
            "nRouts": 5,
            "child_modules": {
                "std": 1,
                "tb_mul": 1
            },
            "end_perf": [
                0.079577207565307617,
                0.045365999999999997,
                0.021287,
                275808,
                287160,
                657012119792701,
                0,
                0
            ],
            "nMops": 0
        },
        "std": {
            "nQuads": 218,
            "start_perf": [
                0.079630136489868164,
                0.045419000000000001,
                0.021287,
                275808,
                287160,
                1724861072.505851,
                657012119900198
            ],
            "nRouts": 33,
            "child_modules": {},
            "Compiled": "Yes",
            "nMops": 528,
            "Compiled Times": 7,
            "end_perf": [
                0.081593990325927734,
                0.047280999999999997,
                0.021388999999999998,
                275824,
                287160,
                657012124823933,
                8589934594,
                0
            ],
            "svclass": [
                "$vcs_nba_dyn_obj",
                0,
                35,
                2,
                2,
                0,
                "sigprop$$",
                0,
                35,
                2,
                2,
                0,
                "process",
                0,
                200,
                8,
                8,
                0,
                "event",
                0,
                34,
                2,
                2,
                0,
                "mailbox",
                0,
                140,
                9,
                9,
                0,
                "semaphore",
                0,
                84,
                5,
                5,
                0
            ]
        },
        "tb_mul": {
            "nQuads": 1608,
            "start_perf": [
                0.081626176834106445,
                0.047302999999999998,
                0.021399000000000001,
                275824,
                287160,
                1724861072.5078471,
                657012124881398
            ],
            "nRouts": 102,
            "child_modules": {},
            "Compiled": "Yes",
            "significant_routs": [
                [
                    23,
                    "R_VCSgd_xmcas_17",
                    1009697,
                    651,
                    134
                ],
                [
                    24,
                    "R_VCSgd_xmcas_18",
                    1648510,
                    2554,
                    505
                ],
                [
                    59,
                    "R_VCSgd_xmcas_3b",
                    1790039,
                    2784,
                    482
                ],
                [
                    60,
                    "R_VCSgd_xmcas_3c",
                    916142,
                    819,
                    131
                ]
            ],
            "nMops": 7044,
            "Compiled Times": 7,
            "end_perf": [
                0.096975088119506836,
                0.062640000000000001,
                0.021399000000000001,
                280108,
                287160,
                657012163242562,
                17179869185,
                0
            ]
        }
    },
    "stat": {
        "ru_self_end": {
            "ru_nivcsw": 6,
            "ru_utime_sec": 0.065239000000000005,
            "ru_majflt": 0,
            "ru_stime_sec": 0.022832999999999999,
            "ru_minflt": 27677,
            "ru_maxrss_kb": 81896,
            "ru_nvcsw": 29
        },
        "peak_mem_kb": 287160,
        "ru_childs_end": {
            "ru_nivcsw": 23,
            "ru_utime_sec": 0.016760000000000001,
            "ru_majflt": 0,
            "ru_stime_sec": 0.013184,
            "ru_minflt": 10857,
            "ru_maxrss_kb": 24792,
            "ru_nvcsw": 26
        },
        "cpu_cycles_end": 657012173300374
    },
    "reusePaths": {
        "amcQw_d": {
            "icPath": "csrc"
        },
        "reYIK_d": {
            "icPath": "csrc"
        }
    },
    "CompUnits": {
        "xmcas_d": {
            "text": 25990,
            "mod": "tb_mul",
            "out": "xmcas_d.o",
            "checksum": 0,
            "bytes": 46182,
            "mode": 4,
            "archive": "archive.6/_122861_archive_1.a"
        }
    },
    "ObjArchives": [
        {
            "archive": "archive.6/_122861_archive_1.a",
            "size": 161694,
            "objects": [
                [
                    "xmcas_d.o",
                    46182
                ],
                [
                    "amcQwB.o",
                    115512
                ]
            ]
        }
    ]
}