{
    "Modules": {
        "...MASTER...": {
            "end_perf": [
                0.10529494285583496,
                0.067127999999999993,
                0.025572000000000001,
                287456,
                289020,
                515900954527,
                0,
                0
            ],
            "start_perf": [
                0.1009221076965332,
                0.066986000000000004,
                0.024261999999999999,
                287444,
                289020,
                1726396597.4936521,
                515890265397
            ],
            "child_modules": {
                "std": 1,
                "tb": 1
            },
            "nQuads": 0,
            "nMops": 0,
            "nRouts": 5
        },
        "std": {
            "end_perf": [
                0.1074678897857666,
                0.069236000000000006,
                0.025588,
                287472,
                289020,
                515906264325,
                8589934594,
                0
            ],
            "start_perf": [
                0.10535192489624023,
                0.067169000000000006,
                0.025588,
                287456,
                289020,
                1726396597.4980819,
                515901071034
            ],
            "child_modules": {},
            "Compiled": "Yes",
            "nQuads": 218,
            "Compiled Times": 33,
            "svclass": [
                "$vcs_nba_dyn_obj",
                0,
                35,
                2,
                2,
                0,
                "sigprop$$",
                0,
                35,
                2,
                2,
                0,
                "process",
                0,
                200,
                8,
                8,
                0,
                "event",
                0,
                34,
                2,
                2,
                0,
                "mailbox",
                0,
                140,
                9,
                9,
                0,
                "semaphore",
                0,
                84,
                5,
                5,
                0
            ],
            "nMops": 528,
            "nRouts": 33
        },
        "tb": {
            "end_perf": [
                0.18542599678039551,
                0.144451,
                0.026553,
                289428,
                289432,
                516096483935,
                137438953473,
                0
            ],
            "start_perf": [
                0.10750603675842285,
                0.069274000000000002,
                0.025588,
                287472,
                289020,
                1726396597.500236,
                515906325490
            ],
            "significant_routs": [
                [
                    127,
                    "X_VCSgd_g7hgQ_0_0",
                    1626717,
                    778,
                    139
                ],
                [
                    143,
                    "R_VCSgd_g7hgQ_8f",
                    1781310,
                    2407,
                    215
                ],
                [
                    163,
                    "R_VCSgd_g7hgQ_a3",
                    1240230,
                    1178,
                    145
                ],
                [
                    166,
                    "R_VCSgd_g7hgQ_a6",
                    7427654,
                    1178,
                    145
                ],
                [
                    169,
                    "R_VCSgd_g7hgQ_a9",
                    1115675,
                    1015,
                    124
                ],
                [
                    172,
                    "R_VCSgd_g7hgQ_ac",
                    1431095,
                    1118,
                    136
                ],
                [
                    175,
                    "R_VCSgd_g7hgQ_af",
                    1537667,
                    1599,
                    179
                ],
                [
                    184,
                    "R_VCSgd_g7hgQ_b8",
                    1299438,
                    1828,
                    165
                ],
                [
                    186,
                    "R_VCSgd_g7hgQ_ba",
                    1327824,
                    1522,
                    206
                ],
                [
                    192,
                    "R_VCSgd_g7hgQ_c0",
                    1396817,
                    1546,
                    170
                ],
                [
                    340,
                    "R_VCSgd_g7hgQ_154",
                    1495465,
                    2053,
                    267
                ],
                [
                    389,
                    "R_VCSgd_g7hgQ_185",
                    2141449,
                    2788,
                    511
                ],
                [
                    408,
                    "R_VCSgd_g7hgQ_198",
                    1406129,
                    1897,
                    276
                ],
                [
                    411,
                    "R_VCSgd_g7hgQ_19b",
                    2161799,
                    3023,
                    440
                ],
                [
                    473,
                    "R_VCSgd_g7hgQ_1d9",
                    3992773,
                    5780,
                    924
                ],
                [
                    504,
                    "R_VCSgd_g7hgQ_1f8",
                    1204595,
                    1373,
                    193
                ],
                [
                    519,
                    "R_VCSgd_g7hgQ_207",
                    1227140,
                    1826,
                    256
                ],
                [
                    535,
                    "R_VCSgd_g7hgQ_217",
                    1300530,
                    1660,
                    210
                ],
                [
                    541,
                    "R_VCSgd_g7hgQ_21d",
                    2286950,
                    3901,
                    325
                ],
                [
                    625,
                    "R_VCSgd_g7hgQ_271",
                    2246085,
                    3655,
                    622
                ]
            ],
            "child_modules": {},
            "Compiled": "Yes",
            "nQuads": 11964,
            "Compiled Times": 32,
            "nMops": 37706,
            "nRouts": 631
        }
    },
    "CompUnits": {
        "g7hgQ_d": {
            "mod": "tb",
            "out": "g7hgQ_d.o",
            "bytes": 235118,
            "text": 145106,
            "mode": 4,
            "checksum": 0,
            "archive": "archive.32/_10285_archive_1.a"
        }
    },
    "reusePaths": {
        "amcQw_d": {
            "icPath": "csrc"
        },
        "reYIK_d": {
            "icPath": "csrc"
        }
    },
    "ObjArchives": [
        {
            "archive": "archive.32/_10285_archive_1.a",
            "objects": [
                [
                    "g7hgQ_d.o",
                    235118
                ],
                [
                    "amcQwB.o",
                    120664
                ]
            ],
            "size": 355782
        }
    ],
    "stat": {
        "ru_self_end": {
            "ru_nvcsw": 29,
            "ru_utime_sec": 0.14679800000000001,
            "ru_majflt": 0,
            "ru_minflt": 30857,
            "ru_maxrss_kb": 92552,
            "ru_stime_sec": 0.027458,
            "ru_nivcsw": 12
        },
        "peak_mem_kb": 289452,
        "ru_childs_end": {
            "ru_nvcsw": 28,
            "ru_utime_sec": 0.016114,
            "ru_majflt": 0,
            "ru_minflt": 10859,
            "ru_maxrss_kb": 29880,